video_id,title,description,channel_id,published_at,category_id,tags,view_count,like_count,comment_count,duration,definition,caption,licensed_content,privacy_status,license,embeddable,public_stats_viewable,is_made_for_kids,thumbnail_url,default_audio_language,default_language,actual_start_time,scheduled_start_time,actual_end_time,scheduled_end_time,concurrent_viewers,active_live_chat_id,recording_date,topicCategories,processing_status,parts_total,parts_processed,time_left_ms,processing_failure_reason
VtXUuB1mrVM,🐶💎 MONTE A VIDA DE LUXO DO SEU CACHORRO 💖 Escolha Tudo!,"🎀🐶 Já imaginou como seria a vida de luxo do seu cachorro? Neste vídeo, você vai montar cada detalhe do jeitinho que quiser: casinha, roupas, acessórios, comida, passeio, spa e MUITO mais! 💎✨

Com a ajuda do Lumi 🐬 e da Coral 🦭, você vai criar um pet super mimado, estiloso e cheio de personalidade 😍🐾

Ao longo do vídeo tem desafios, escolhas divertidas e até surpresas… e no final você descobre como ficou o seu cachorro 👀💖

💬 Conta aqui nos comentários:
Seu pet ficou mimado, elegante, bagunceiro ou preguiçoso? 😂

🌊  Não esquece de deixar o like e se inscrever no canal pra mais vídeos interativos como esse!

#monte #pets #sereiaquiz  #monteavidadoseucachorro #quizdemontar",UCbOokXOV-k0YeLhi-yAh3-w,2026-05-02T16:15:03Z,24,"['vida de luxo pet', 'desafio interativo', 'gatos engraçados', 'gatos de estimação', 'quiz divertido', 'pets fofos', 'vida de pet', 'quiz youtube', 'quizzes', 'vida de luxo do seu cachorro', 'monte a vida do seu pet', 'monte seu pet', 'monte seu animal de estimação', 'monte seu pet de luxo', 'escolha seu pet', 'jogo das escolhas', 'quiz', 'monte a vida de luxo do seu pet', 'cachorro', 'monte a vida do seu cachorro', 'quiz cachorro', 'monte a vida do seu cao', 'monte o seu', 'quiz monte', 'sereia quiz']",120646,4917,110,PT8M15S,hd,False,True,public,youtube,True,True,False,https://i.ytimg.com/vi/VtXUuB1mrVM/hqdefault.jpg,pt-BR,pt-PT,,,,,0,,2026-05-02T00:00:00Z,"['https://en.wikipedia.org/wiki/Lifestyle_(sociology)', 'https://en.wikipedia.org/wiki/Pet']",,0,0,0,
ydSW5084cw0,Luxo também é para pets 🐶👜 empreendedora traz glamour em duas patas 🐾 🇧🇷 | Shark Tank Latam,"Samira Sarti chega com a “Dolce Cane”, uma marca de moda, acessórios e roupas de luxo para os pets da casa. Ela traz seus conhecimentos de moda e costura para esse mercado, criando peças únicas e exclusivas para seus clientes. Ela busca se expandir no mercado online e, para isso, procura um investimento de R$ 100 mil em troca de 30% da sua empresa, mas será que consegue? Descubra no nosso canal Shark Tank Latam

#SharkTankLatam #Empreendedores #Inovacao 

Para mais informações:
Site: https://br.sonychannel.com/series/shark-tank-brasil 
X: https://twitter.com/sharktankbrasil 
Facebook: https://www.facebook.com/SharkTankBrasilOficial/ 
Instagram: https://www.instagram.com/sharktankbrasiloficial/
Tik Tok: https://www.tiktok.com/@sharktank.br
Threads: https://www.threads.net/@sharktankbrasiloficial

Shark Tank Latam:
Os Tubarões (magnatas rígidos, autodidatas, multimilionários) continuam sua busca por investir nos melhores negócios e produtos que os países da América Latina podem oferecer. Mais uma vez, os Tubarões oferecerão a pessoas de todas as condições a oportunidade de perseguir seus sonhos e potencialmente obter negócios que poderiam torná-los milionários.

As negociações entre os investidores e empreendedores são reais. Os Tubarões investem seu próprio dinheiro, a seu critério. Qualquer acordo em frente às câmeras está sujeito ao processo de ‘due diligence’ correspondente por parte dos investidores e ao processo de assinatura de contrato vinculativo entre empreendedor e Tubarão(ões). Qualquer referência à unidade monetária “dólar” é apenas para fins informativos e corresponde à realidade da época em que as gravações foram realizadas.

Luxo também é para pets 🐶👜 empreendedora traz glamour em duas patas 🐾 🇧🇷 | Shark Tank Latam
https://www.youtube.com/@SharkTankLatam",UC27-v-X7tP2gi29W-m8R5gQ,2026-05-02T23:00:06Z,24,"['shark tank brasil', 'shark tank latam', 'Beyonce', 'Investimento de Samira Sarti no Shark Tank Brasil', 'Como conseguir investimento para minha marca de produtos para animais de estimação?', 'Roupas exclusivas para animais de estimação da Dolce Cane', 'Melhores momentos do Shark Tank Latam', 'Alta costura para animais de estimação de Samira Sarti', 'Apresentação completa da Dolce Cane por Samira Sarti', 'hark Tank Latam Samira Sarti Dolce Cane', 'Roupas de luxo para animais de estimação da Dolce Cane']",335,10,1,PT5M59S,hd,False,True,public,youtube,True,True,False,https://i.ytimg.com/vi/ydSW5084cw0/hqdefault.jpg,pt-BR,pt,2026-05-02T23:00:06Z,2026-05-02T23:00:00Z,2026-05-02T23:08:04Z,,0,,,"['https://en.wikipedia.org/wiki/Entertainment', 'https://en.wikipedia.org/wiki/Pet', 'https://en.wikipedia.org/wiki/Television_program']",,0,0,0,
fXK2ifba0jg,Como Fazer Vestido de Crochê para Pet Super Luxo | Canino e Felino - Versão para Canhotas(os),"Seja muito bem-vinda(o) ao canal Crochê ao Avesso! 🐾✨

Na aula de hoje, você vai aprender o passo a passo completo de um Vestidinho Pet Luxo em crochê. Uma peça incrivelmente charmosa, com um caimento perfeito, pontos texturizados que valorizam o trabalho e um babado duplo que é Puro Luxo!

Esse vestido de crochê para cachorro e gato é ideal tanto para deixar o seu pet Styles quanto para você produzir e vender, já que o mercado pet de luxo está super em alta.

Ao longo do vídeo, eu te mostro em detalhes como fazer a base, a saia rodada e as adaptações de tamanho. Pegue suas agulhas e venha tecer comigo!

#CrochePet #VestidoDeCroche #CrocheAoAvesso #ModaPet #PassoAPassoCroche

---

📥 MATERIAL UTILIZADO:
• Fio de sua preferência (usei o fio de bambu na cor azul claro)
• Agulha de Crochê adequada para o fio
• Tesoura e agulha de tapeceiro para os arremates

---

🔴 INSCREVA-SE NO CANAL para não perder nenhuma aula exclusiva:
[LINK DO SEU CANAL AQUI]

ME ACOMPANHE NAS REDES SOCIAIS:
Instagram: @crocheaoavesso
Facebook: @crocheaoavesso

Gostou da aula? Deixe seu like, inscreva-se no canal e comente aqui embaixo se ficou com alguma dúvida sobre os pontos! Ou diga de onde está vendo este vídeo (cidade/estado ou país).",UCEKOGRvbli0XzuBc6Wpae8g,2026-05-22T15:15:46Z,26,"['vestido pet de croche', 'vestido de croche para cachorro', 'como fazer vestido pet croche', 'croche ao avesso', 'roupa de croche para pet', 'vestido pet luxo croche', 'croche passo a passo', 'roupinha de cachorro croche', 'croche para pets', 'vestido canino croche', 'croche para canhotos', 'croche canhoto passo a passo', 'passo a passo para canhotos', 'aula de croche canhoto', 'como fazer croche com a mao esquerda', 'roupa pet croche canhoto', 'vestido de croche canhoto', 'canal de croche para canhotos']",190,24,2,PT41M39S,hd,False,False,public,youtube,True,True,False,https://i.ytimg.com/vi/fXK2ifba0jg/hqdefault.jpg,,pt-PT,2026-05-22T15:15:46Z,2026-05-22T15:15:23Z,2026-05-22T15:59:22Z,,0,,,"['https://en.wikipedia.org/wiki/Hobby', 'https://en.wikipedia.org/wiki/Lifestyle_(sociology)']",,0,0,0,
RA7BdjPDV7E,OLHA essa IDEIA com VARAL VELHO! DO LIXO AO LUXO,"HELLO DIYLOVERS! Hoje vim trazer essa ideia incrível reutilizando esse varal velho que eu achei em uma caçamba. Vou ter que confessar que estou apaixonada nessas peças e ficaram muito melhor do que eu imaginava! Vem comigo ver o resultado!

❤ MATERIAIS NECESSÁRIOS: https://www.partedomeuar.com.br/2023/06/Ideias-com-varal-velho.html?m=1

Serra tico tico: https://mercadolivre.com/sec/2vVyqQz
Tintas Chalk Paint: https://s.shopee.com.br/3LCajInHut
Massa para madeira: https://s.shopee.com.br/3VVplc7tAr


Itens de decoração passo a passo:

Colar de madeira: https://youtu.be/1qmv6nxu2Bw

Você sabia que CURTIR o vídeo ajuda muito no crescimento do canal? Deixe seu like se gostou, assim eu trago mais idéias como estas :)

❤ Se fizer alguma idéia do canal não esqueça de postar a foto no Instagram ou me mande por e-mail com a hashtag #aprendicomadressa

Me siga nas redes sociais ❤

▶ INSTAGRAM: https://instagram.com/dressacarolinne/
▶ FAN PAGE: https://m.facebook.com/partedomeuar/?...
▶ PINTEREST: https://br.pinterest.com/dessa_carolinne/pins/

▶CONTATO: dessa_carolinne@hotmail.com

▶ Quer me enviar algo?
CAIXA POSTAL: 2 | CEP:75780-000 Ipameri - GO

Um beijão♥️",UCOOISv2NsoDaQQNMN8pEZdA,2026-05-14T00:00:19Z,24,"['Decor', 'decoração', 'varal', 'varal velho', 'varal de roupas', 'roupa', 'ropa', 'clothes', 'lixo ao luxo', 'gastando pouco', 'dressa', 'dressa caroline', 'facil', 'diy', 'faça você mesmo', 'home decor', 'home', 'houve']",82160,6476,165,PT1M22S,hd,False,True,public,youtube,True,True,False,https://i.ytimg.com/vi/RA7BdjPDV7E/hqdefault.jpg,pt-BR,pt-PT,,,,,0,,,"['https://en.wikipedia.org/wiki/Hobby', 'https://en.wikipedia.org/wiki/Lifestyle_(sociology)']",,0,0,0,
r1zpWn8Y_1o,Comprinhas! | Tudo barato na shopee | roupas de inverno com preços imperdíveis 🤩,"Oi gente, trouxe mais um vídeo de comprinhas da shopee e dessa vez com roupas de inverno, espero que vocês gostem, beijos.

🛍️Entre em Meu grupo de achadinhos👇
https://chat.whatsapp.com/IsxKI3jcjslFlASY9uDJPC

Produtos do vídeo👇👇👇
Jaqueta Bobojaco Casaco Puffer https://s.shopee.com.br/qgSSpbhzB
Jaqueta Feminina https://s.shopee.com.br/10zsf8b4eE
Cardigan https://s.shopee.com.br/1BJIrRaRJH
Casaco De Frio Luxo https://s.shopee.com.br/30kx2qg7vY
Camisa Social Lanzinha https://s.shopee.com.br/3B4NF9fUab

👇PRODUTOS ( SHOPEE ) DA MINHA CASA👇
DECORAÇÃO👇
Espelho-Org https://s.shopee.com.br/17F2YIBiB
Lustre-Pendente-Infantil https://s.shopee.com.br/5ApLC2yWEC
Luminaria-Plafon https://s.shopee.com.br/50Vuzjz9ZB
Lustre-Prata https://s.shopee.com.br/4qCUnQzmuA
Lustre-Pendente-Tubo-Cristal https://s.shopee.com.br/4ft4b80QF9
Boiserie-Eva-Flex https://s.shopee.com.br/3qJxbdXW45
Quadro-cobre-caixa-de-luz https://s.shopee.com.br/3LNh0iZQ50
Vaso-Canelado https://s.shopee.com.br/3Vh7D1Ymk3
Tubo-Cilindro https://s.shopee.com.br/4LGECYVc3E
Vaso-Canelado https://s.shopee.com.br/4VZeOrUyiH
Cesta-De-Parede https://s.shopee.com.br/7VDFyPNDXz
Flores-Artificiais https://s.shopee.com.br/5flbn2UCGe
Plantas-Matinho-de-folha https://s.shopee.com.br/5q51zLTYvh
Vaso-Cachepot https://s.shopee.com.br/5L8lOQVSwc
Aplique-Arabesco-Colonial https://s.shopee.com.br/5VSBajUpbf
Escultura casal https://s.shopee.com.br/4LGECcP2yI
Kit-Decorativo-Ore-e-Confie https://s.shopee.com.br/4VZeOvOPdL
Colar-Madeira-Enfeite-Mesa https://s.shopee.com.br/4ft4bENmIO
Flores-artificiais https://s.shopee.com.br/4qCUnXN8xR
Kit-2-quadros-18x18-cm-banheiro-lavabo https://s.shopee.com.br/50VuzqMVcU
Quadro-Decorativo-Frase https://s.shopee.com.br/BQfEz9Iqd
UTILIDADES👇
Porta-Mantimento https://s.shopee.com.br/8V5nAwEcb5
Chaleira-Inox-Vintage https://s.shopee.com.br/8fPDNFDzG8
Jarra-De-Vidro https://s.shopee.com.br/8pidZYDLvB
Filtro-Coador-Inox https://s.shopee.com.br/9023lrCiaE
Porta-Mantemento detalhes em bambu https://s.shopee.com.br/2Voa1woP7B
Jarra-De-Vidro-Borossilicato https://s.shopee.com.br/2BBjdKpfn9
Kit-2-Forma-pão-antiaderente https://s.shopee.com.br/1gFT2PrZo4
Saco-de-Lavagem-de-Sapatos https://s.shopee.com.br/1qYtEiqwT7
COZINHA👇
Torneira-Para-Cozinha-Gourmet https://s.shopee.com.br/6AhsOOqW3u
Escorredor-de-Louças-Branco https://s.shopee.com.br/60OSC5r9Ot
Porta-Papel-Toalha-e-Suporte-de-Filme https://s.shopee.com.br/5q51zmrmjs
TABUA-DE-VIDRO-8MM-TEMPERADA https://s.shopee.com.br/5flbnTsQ4r
Potes-Vidro https://s.shopee.com.br/5VSBbAt3Pq
Fervedor-Caneco https://s.shopee.com.br/W3Ve1OTpl
Espatula de silicone https://s.shopee.com.br/17F36QNqg
Chaleira-Vidro-Borossilicato https://s.shopee.com.br/BQfFPPkVj
Porta pães de Bambu https://s.shopee.com.br/5ApLCb6iMj
SALA👇
Tapete-De-Inverno https://s.shopee.com.br/8V5nApUeFA
Conjunto-Sala-de-Jantar https://s.shopee.com.br/8KmMyWVHa9
Plafon-Led-Moderno-sobrepor https://s.shopee.com.br/8ASwmDVuv8
Lampada De-Teto-De-Cristal https://s.shopee.com.br/809WZuWYG7
Arandela-Tubo-Cilindro-Cyla-30cm https://s.shopee.com.br/7pq6NbXBb6
Lustre-Pendente https://s.shopee.com.br/70GzO74Lfz
Kit-2-Puff-Sala-Banquinho https://s.shopee.com.br/8pidZTxMxM
Mesa-Redonda-para-Jantar https://s.shopee.com.br/8fPDNAy0IL
Capas-de-Almofada-45x45cm https://s.shopee.com.br/9ALTy5w6HS
Cortina-6-00m-Largura-Voil-Linho https://s.shopee.com.br/9023lmwjcR
QUARTOS👇
Penteadeira-Com-Gaveta-100CM https://s.shopee.com.br/2qRQQLJG1H
Cortina-2-60m-X-1-40m-alt https://s.shopee.com.br/50Vv0KB0ci
Lampada-Led-Lampiao-Enfeite-Abajur https://s.shopee.com.br/5ApLCdANHl
Mesa-de-cabeceira-branco-retro-moderno https://s.shopee.com.br/4ft4biCHIg
Espelho-De-Mesa-Oval https://s.shopee.com.br/4qCUo1Bdxj
Lustre-Pendente-moderno-sala-cozinha https://s.shopee.com.br/40dNoVvn4W
Espelho-Organico-Gigante-Com-Led https://s.shopee.com.br/4Awo0ov9jZ
Mesa de cabeceira -40cm https://s.shopee.com.br/4LGED7uWOc
Kit Organizadores-Multiuso https://s.shopee.com.br/4VZePQtt3f
Jogo-de-Lençol-Casal-Queen-King https://s.shopee.com.br/3LNh1HyKQS
Peseira cama king https://s.shopee.com.br/1LccddRXLl
Abajur-Luminária ceramica https://s.shopee.com.br/1qYtEYPdKs
Kit-Com-15-Placas-de-Cabeceira-Modular https://s.shopee.com.br/1gFT2FQGfr
HOME OFFICE👇
Cadeira-De-Escritório https://s.shopee.com.br/9KeuAZ4cqA
Cadeira Esteirinha-Presidente https://s.shopee.com.br/9UyKMs3zVD
BANHEIRO👇
Torneira-Cascata-Banheiro https://s.shopee.com.br/20sJR3KlqO
Suporte-Toalhas https://s.shopee.com.br/2BBjdMK8VR
Kit-3-Frascos-Pet-500ml https://s.shopee.com.br/2LV9pfJVAU
Porta-Cotonetes https://s.shopee.com.br/2Voa1yIrpX
ELÉTRO DOMÉSTICOS👇
Micro-ondas-Mondial https://s.shopee.com.br/9KeuAeGM3n
Cooktop https://s.shopee.com.br/AKXRMUCY21
Chaleira elétrica https://s.shopee.com.br/AAE1ABDBN0
Forno-de-Embutir https://s.shopee.com.br/9zuaxsDohz
Maquina-de-Lavar-Roupas-Midea-11kg https://s.shopee.com.br/50Vv0iDHB8]
Siga-me no Insta 👉https://www.instagram.com/jacqueoliveira23?igsh=dXE5czg5aTBtZDIz",UC0Iq_yxSU0rNUoSpho9FS7Q,2026-05-20T20:00:36Z,22,"['familia', 'vlog', 'daily', 'rotina', 'mudança', 'casa nova', 'mudança casa', 'comprinhas', 'decoração', 'meu segundo ap', 'ap na planta', 'compramos a segunda casa', 'mobiliando do zero', 'dona de casa', 'tour pelo ap', 'tour', 'viajem férias', 'decorado', 'tour minha casinha', 'imóvel próprio', 'aluguel', 'meu canal', 'começando um canal canal do zero', 'começo de um sonho', 'familia com proposito', 'abençoada', 'evamgelica', 'comprinhas shopee', 'shopee', 'comprar na shopee', 'comprinhas na shopee', 'shope', 'shopi', 'shoppe', 'roupas de inverno na shopee']",7456,501,24,PT19M20S,hd,False,True,public,youtube,True,True,False,https://i.ytimg.com/vi/r1zpWn8Y_1o/hqdefault.jpg,pt-BR,pt-BR,,,,,0,,,"['https://en.wikipedia.org/wiki/Fashion', 'https://en.wikipedia.org/wiki/Lifestyle_(sociology)']",,0,0,0,
GrjwS_qykkw,Kalu Putik o menino que faz roupas com lixo. #kaluputik  #roupas  #shorts,Kalu Putik o menino que faz roupas com lixo. #kaluputik  #roupas  #shorts,UCBI09ux7akOIT_oY2UFnh9Q,2026-05-14T00:34:02Z,24,"['Kalu Putik o menino que faz roupas com lixo', 'kalu putik', 'roupa', 'estilo', 'moda', 'menino faz roupa com lixo', 'shorts', 'short', 'viral', 'memes']",21567,1966,33,PT1M22S,hd,False,True,public,youtube,True,True,False,https://i.ytimg.com/vi/GrjwS_qykkw/hqdefault.jpg,pt-BR,pt-BR,,,,,0,,2026-05-13T00:00:00Z,['https://en.wikipedia.org/wiki/Entertainment'],,0,0,0,
_cwp5Q4oP6M,Construímos um Quarto Secreto para Pets: Gato Dourado vs Gato Prata! | BOBAPIC PT,"Construímos um Quarto Secreto para Pets: Gato Dourado vs Gato Prata! | BOBAPIC PT

Dois estilos. Dois ícones. Um duelo deslumbrante. ✨👑

Neste episódio, o destaque é um épico Concurso de Moda K-Pop Demon Hunters: Ouro vs. Prata, onde dois estilos incríveis competem pela coroa.

Tudo gira em torno de moda, atitude e brilho:
💛 Estilo Ouro – ousado, radiante e transbordando luxo real com um glamour de tirar o fôlego
🤍 Estilo Prata – elegante, descolado e sofisticado sem esforço, com uma vibe moderna e refinada

De roupas brilhantes a poses icônicas, cada detalhe transforma isso em uma verdadeira batalha fashion.

Um palco. Duas estéticas. Um vencedor absoluto.

Quem leva a coroa? 😜😜

Neste vídeo, encaramos o desafio definitivo de faça você mesmo: construir uma incrível casa de bonecas inspirada nos 4 elementos! 

🏰✨ Veja como criamos quatro cômodos em miniatura deslumbrantes, inspirados em Fogo, Gelo, Terra e Ar. De efeitos de fogo brilhantes a palácios de gelo congelados, cada cômodo é feito à mão com papelão e muita criatividade. Qual é o seu elemento favorito? Conte para a gente!

🔔 INSCREVA-SE e ative as notificações para não perder nenhum vídeo!

CURTA este vídeo se você gostou da transformação dos 4 elementos.

COMENTE abaixo qual cômodo devemos construir em seguida!

🎬 Assista a mais desafios de faça você mesmo aqui:
https://www.youtube.com/playlist?list=PLFTwKTlC4mujuGzFa8PZzmsa88kahIf70
https://www.youtube.com/playlist?list=PLFTwKTlC4mujaeo_ZXuWnCjx8T9WsPeIU
https://www.youtube.com/playlist?list=PLFTwKTlC4mugFXaZVVveKBm0oUgei9yPZ
https://www.youtube.com/playlist?list=PLFTwKTlC4muhmBXCFTuI2rE6kluCdvbxR

#BOBAPIC #BOBAPICPT #RoomMakeover #GoldVsSilver #kpopdemonhunters",UChoIBiLdpXqqamkUF_9QEcQ,2026-05-15T10:40:51Z,24,"['bobapic', 'bobapic portugal', 'BOBAPIC PT', 'bobapic challenges', 'bobapic doll house', 'Build amazing doll house', 'desafio de uma cor', 'ouro vs prata', 'construímos um castelo secreto', 'kpop demon hunters', 'casal ouro vs prata', 'casa de ouro', 'casa de prata', 'quarto ouro vs prata', 'kpop demon hunters ouro vs prata', 'casa ouro vs prata', 'construa um castelo de bonecas incrível', 'ouro e prata', 'construímos um quarto secreto para pets', 'gato dourado vs gato prata', 'gato prata', 'gato dourado']",31488,623,8,PT1H2M41S,hd,False,True,public,youtube,False,True,False,https://i.ytimg.com/vi/_cwp5Q4oP6M/hqdefault.jpg,pt,pt,,,,,0,,,"['https://en.wikipedia.org/wiki/Hobby', 'https://en.wikipedia.org/wiki/Lifestyle_(sociology)']",,0,0,0,
fVcmQyi4v7M,"QUERO ABRIR MEU PETSHOP, QUANTO DEVO INVESTIR? #petshop","LINK DO NOSSO GRUPO DE LOJISTAS NO WHATSAPP 👇🏻

https://chat.whatsapp.com/KxL6PFaWJAc9rKZbPkDwT8


🚀 Quer abrir uma loja pet do zero e não sabe por onde começar?
Neste vídeo eu mostro o passo a passo para montar um pet shop lucrativo, evitar erros que fazem muitos lojistas perder dinheiro e começar da forma certa no mercado pet.

Você vai aprender: 
✅ Como planejar sua loja pet
✅ Quanto custa abrir um pet shop
✅ Produtos que mais vendem
✅ Como escolher fornecedores pet
✅ Estratégias para atrair clientes
✅ Erros que quebram pet shops iniciantes
✅ Como crescer no mercado pet em 2026

O mercado pet cresce todos os anos e ainda existe muito espaço para novos lojistas que sabem trabalhar da forma correta. Se você quer empreender no nicho pet, esse vídeo vai te ajudar a começar com mais segurança e estratégia.

📌 Assista até o final para descobrir como aumentar suas chances de sucesso no setor pet.

👇 Me conta nos comentários: Você quer abrir loja física, online ou os dois?

🔔 Inscreva-se no canal para mais conteúdos sobre: mercado pet, pet shop, empreendedorismo pet, gestão pet e vendas para lojistas.

#PetShop #MercadoPet #LojaPet #Empreendedorismo #Empreender #Pet #NegócioPróprio #LojistaPet #EmpreendedorismoPet #BanhoETosa

Palavras-chave: como abrir pet shop, como montar loja pet, abrir pet shop do zero, mercado pet 2026, loja pet lucrativa, empreendedorismo pet, pet shop pequeno, fornecedores pet shop, produtos pet mais vendidos, gestão de pet shop, marketing para pet shop, como vender mais em pet shop, nicho pet, lojista pet, abrir loja de ração, pet shop investimento, pet shop vale a pena, negócio pet lucrativo, banho e tosa, loja pet online.",UCmbBt0JpdxCoJdaTOeooNdQ,2026-05-10T20:00:21Z,15,"['ração', 'cachorro', 'gato', 'super premium', 'qual a melhor ração', 'special dog', 'magnus', 'royal canin', 'premier', 'golden', 'pet', 'petshop', 'agropecuaria', 'loja ração', 'premium', 'premium especial', 'filhotes', 'RAÇÃO BOA E BARATA', 'COMO ABRIR UM PET SHOP', 'COMO GANHAR DINHEIRO NO PET SHOP', 'COMO VENDER NO PET SHOP', 'MERCADO PET', 'COMO GANHAR DINHEIRO COM CASA DE RAÇÃO', 'COMO MONTAR UMA CASA DE RAÇÃO', 'COMO ABRIR UMA CSA DE RAÇÃO', 'COMO VENDER PRODUTOS PET', 'dog', 'cat', 'petbrasil']",681,59,11,PT10M49S,hd,False,True,public,youtube,True,True,False,https://i.ytimg.com/vi/fVcmQyi4v7M/hqdefault.jpg,pt-BR,pt-BR,,,,,0,,,"['https://en.wikipedia.org/wiki/Lifestyle_(sociology)', 'https://en.wikipedia.org/wiki/Pet']",,0,0,0,
Xo_MaMJL2wI,👉 MONTE A VIDA DE LUXO DO SEU GATO 🐱👑 E DESCUBRA QUAL GATA DA MARY É A SUA CARA! 😻,"👉 MONTE A VIDA DE LUXO DO SEU GATO 🐱👑 E DESCUBRA QUAL GATA DA MARY É A SUA CARA! 😻

Você já imaginou como seria a vida de luxo do seu gato ou gata? 🐱👑
Neste vídeo divertido e interativo, você vai imaginar cada detalhe da vida perfeita do seu pet: desde coleirinhas estilosas, roupas fofas, caminhas confortáveis, até brinquedos e acessórios incríveis!

E não para por aí… ao longo do vídeo você também vai conhecer as verdadeiras gatas da Mary 😻 — cada uma com sua própria personalidade única!

No final, quero saber: qual delas é mais parecida com você?

Prepare-se para escolher, se divertir e se apaixonar! 💖
👉 Comente suas escolhas e diga qual gata da Mary é a sua cara!
.
Comente suas escolhas aqui embaixo e ganhe coraçãozinhos da Mary! 💖

✅Deixe o Like 
✅Se Inscreva no Canal
✅Ative o Sininho das Notificações 

ESTE VÍDEO FOI CRIADO E EDITADO PELA EQUIPE MARY QUIZ BR

Beijos da Mary! 💖

⚠️✨ Esse quiz é só diversão, viu? 😄🎉
Não leve os resultados tão a sério — o importante é brincar e se divertir! 🧁💖",UCpN8uqhKRLWtfSh5EYMrGow,2026-04-01T21:10:06Z,24,"['gato', 'gatos fofos', 'quiz de gato', 'monte seu gato', 'vida de luxo pet', 'vida de luxo gato', 'desafio interativo', 'quiz infantil', 'escolha seu gato', 'gatos engraçados', 'gatos de estimação', 'brincadeira com gato', 'quiz divertido', 'mary quiz', 'pets fofos', 'gato de luxo', 'mundo dos gatos', 'curiosidades sobre gatos', 'vida de pet', 'gato princesa', 'gato mimado', 'entretenimento infantil', 'vídeos para crianças', 'desafio de escolhas', 'quiz youtube', 'quizzes']",199757,5992,410,PT11M33S,hd,False,False,public,youtube,True,True,False,https://i.ytimg.com/vi/Xo_MaMJL2wI/hqdefault.jpg,pt-BR,pt-PT,2026-04-01T21:10:06Z,2026-04-01T21:10:00Z,2026-04-01T21:23:38Z,,0,,,"['https://en.wikipedia.org/wiki/Lifestyle_(sociology)', 'https://en.wikipedia.org/wiki/Pet']",,0,0,0,
XQE1Dh9c0M8,Que Vida de Luxo Seu Gato Teria? Escolha Todas! 💎🐱,"📚 Seu conhecimento em jogo, sua diversão garantida! 🎉
Bem vindo ao canal de Quiz Mistérios e Charadas!
✨ Que vida de luxo seu gato teria? 🐱💎
Neste desafio super divertido, você vai escolher cada detalhe da vida do seu gatinho: roupas, acessórios, casinha, brinquedos, spa e muito mais! 👗🎾🛁
🔥 PARTICIPE ATÉ O FINAL e descubra o resultado!

👇 COMENTA AQUI:
Como ficou a vida do seu gato? 😄

👍 Deixe seu like
🔔 Se inscreva no canal
📢 E compartilhe com um amigo pra ver quem cria o gato mais luxuoso!

#quiz #gatos #desafio #oquevoceprefere #monteseugato #gatinhos #diversao #jogointerativo #viral #entretenimento

SOBRE O QUIZ MISTÉRIOS & CHARADAS:
Você é fascinado por enigmas, mistérios intrigantes e charadas desafiadoras? Então você está no lugar certo! Nosso canal é dedicado a trazer para você os mistérios mais surpreendentes do mundo e charadas que vão fazer você quebrar a cabeça.
🕵️‍♂️ Junte-se a nós!
Não perca nenhum episódio dessa jornada fascinante. Inscreva-se agora e ative o sininho para receber notificações sempre que um novo mistério ou charada for postado.
#quiz #charadas #quiztime",UCFtWXzqzenfuLTrAnacbRtg,2026-04-24T20:00:34Z,24,"['misterios e charadas', 'quiz', 'o que você prefere', 'o que voce escolhe', 'jogo', 'quiz time', 'jogo de escolhas', 'desafios incríveis', 'mistérios e charadas', 'quiz de escolha', 'trivia', 'Quiz Interativo', 'Teste de Preferências', 'Desafios Divertidos', 'quiz divertido', 'monte a vida do seu gato', 'monte o seu', 'vida de gato', 'pets', 'gatinho', 'quizdegato', 'quizinterativo', 'quizviral', 'catlovers', 'pet', 'petlovers', 'funnycats', 'cutecats', 'catlife', 'entretenimento', 'desafiogamer', 'perguntas', 'faça sua escolha']",3114,72,1,PT9M,hd,False,True,public,youtube,True,True,False,https://i.ytimg.com/vi/XQE1Dh9c0M8/hqdefault.jpg,pt-BR,pt-PT,,,,,0,,,"['https://en.wikipedia.org/wiki/Lifestyle_(sociology)', 'https://en.wikipedia.org/wiki/Pet']",,0,0,0,
q6ZGBg6_rPs,Unpacking the cutest new Boutique Set from @pawspops 💖#minidachshund #duchshund #puppies #puppylove,,UCs0r9v3oazJfbEtM3tSU1kA,2026-04-03T14:58:52Z,22,[],4717,177,7,PT35S,hd,False,False,public,youtube,True,True,False,https://i.ytimg.com/vi/q6ZGBg6_rPs/hqdefault.jpg,,en,,,,,0,,,"['https://en.wikipedia.org/wiki/Lifestyle_(sociology)', 'https://en.wikipedia.org/wiki/Pet']",,0,0,0,
kMKoLvf_G0Q,I GOT THE NEW HUGE CROWNED PETS in Pet Simulator 99 (Top Spender Reward),"Roblox I GOT THE NEW HUGE CROWNED PETS in Pet Simulator 99 (Top Spender Reward)

👔 Merch 👔 https://gravycatman.creator-spring.com/
► Twitter ► https://twitter.com/gravycatman
► Discord ► https://discord.gg/gravy
► Twitch ► https://www.twitch.tv/gravycatman
► Instagram ► https://www.instagram.com/gravycatman/
► My Roblox Group ► https://www.roblox.com/communities/3236113/Catnation#!/about

Thanks for Watching
Gravycatman",UC3E8z5P4FemGLQRXixxHL3g,2026-04-26T14:30:36Z,20,"['gravycatman', 'roblox', 'gameplay', ""let's play"", 'no swearing', 'no cursing', 'commentary', 'playthrough', 'gaming', 'video games', 'lets play', 'funny moments', 'grumpygravy', 'roblox roleplay', 'game', 'roblox online game', 'roblox channel', 'robux', 'Roblox games', 'lets play roblox', 'simulator', 'roblox simulator', 'best pet', 'cat', 'roblox biggest', 'roblox noob to pro', 'roblox gaming', 'gravy', 'huge crowned pets', 'huge crowned dog', 'huge crowned dragon', 'huge crowned penguin', 'top spender award']",27263,941,162,PT14M27S,hd,False,True,public,youtube,True,True,False,https://i.ytimg.com/vi/kMKoLvf_G0Q/hqdefault.jpg,en,en,,,,,0,,,"['https://en.wikipedia.org/wiki/Role-playing_video_game', 'https://en.wikipedia.org/wiki/Simulation_video_game', 'https://en.wikipedia.org/wiki/Video_game_culture']",,0,0,0,
l7EsBOplu5c,Luxury dog Boutique,"Somebunny is cozy this Easter 🐰✨
Essentials vibes in red & grey… because your fur baby deserves comfort & style 🤍
#EasterPup #DogFashion #TinyPawsFashion #LuxuryDogStyle #SpringVibes",UC36mNFIUGAFJhKND1mzsHiA,2026-04-03T18:22:09Z,22,"['Dog clothes', 'Dog', 'Yorkie']",621,38,1,PT9S,hd,False,False,public,youtube,True,True,False,https://i.ytimg.com/vi/l7EsBOplu5c/hqdefault.jpg,,en,,,,,0,,,"['https://en.wikipedia.org/wiki/Fashion', 'https://en.wikipedia.org/wiki/Lifestyle_(sociology)', 'https://en.wikipedia.org/wiki/Pet']",,0,0,0,
Z4Nyg4oMJlI,"🐶✨MONTE A VIDA DE LUXO DO SEU PET| Escolha Roupinhas, Brinquedo, Cama | #buuquiz #quiz","➡️ Seja membro deste canal e ganhe benefícios:
 https://www.youtube.com/channel/UCLc4izY3Wseh9t7-HxjS4PA/join 

🟡INSTA: https://www.instagram.com/buuquiz/

--------------------------------------------------------------------
🐶✨MONTE A VIDA DE LUXO DO SEU PET| Escolha Roupinhas, Brinquedo, Cama | #buuquiz #quiz 
--------------------------------------------------------------------

Bem-vindo(a) ao BuuQuiz, onde a diversão é assombrosamente boa! 👻

Se você adora desafios de quiz, quebra-cabeças e passatempos, está no lugar certo! Aqui, misturamos conhecimento e entretenimento em perguntas que vão desde curiosidades até desenhos animados e muito mais. Prepare-se para estimular sua mente com diversão garantida! 💫

E o melhor: não precisa ser um gênio para se divertir conosco! Nosso amigável fantasminha curioso está pronto para guiá-lo nessa jornada emocionante pelo universo dos quizzes. Venha se juntar a nós no BuuQuiz e deixe a diversão começar! 🎉

Deixe nos comentários qual Quiz você quer ver aqui no canal! 🎤✨
---------------------------------------------------------------------

#monte #cachorro #monteavidadeluxodoseupet #jogodasescolhas",UCLc4izY3Wseh9t7-HxjS4PA,2026-03-16T21:09:31Z,24,"['BuuQuiz', 'quiz do fantasminha', 'quiz do fantasma', 'quiz', 'buuquiz', 'buu quiz', 'monte a vida de luxo do seu pet', 'monte a vida do seu pet', 'monte seu pet', 'pet', 'cachorro', 'monte a vida do seu cachorro', 'quiz cachorro', 'quiz cachorros de raca', 'quiz blue', 'monte seu pet de luxo', 'monte a vida do seu cao', 'monte a vida do seu gato', 'monte a vida do seu cachorrinho', 'montea vida do seu gato', 'quiz monte o seu', 'vida de luxo', 'quiz de luxo', 'quiz de monte', 'monte o seu', 'quiz monte', 'monte o seu prato']",373760,32828,619,PT8M20S,hd,False,True,public,youtube,True,True,False,https://i.ytimg.com/vi/Z4Nyg4oMJlI/hqdefault.jpg,pt-BR,pt-BR,2026-03-16T21:09:31Z,2026-03-16T21:09:09Z,2026-03-16T21:19:50Z,,0,,,"['https://en.wikipedia.org/wiki/Lifestyle_(sociology)', 'https://en.wikipedia.org/wiki/Pet']",,0,0,0,
PP5X1dEvvxo,MONTE SEU PET DE LUXO 🐶 jogo das escolhas #quizdapri ,"🐶✨ MONTE SEU PET DE LUXO! ✨🐾

Hoje é dia de jogo das escolhas! Escolha cada item e monte o pet mais luxuoso possível. 😍

🐾 Escolha o cachorro
🎀 Escolha a coleira
🛏️ Escolha a caminha
🏡 Escolha a casinha

No final, veja qual pet de luxo você montou! 💖

Comente aqui embaixo qual foi o seu resultado! 👇
E não esqueça de deixar o like e se inscrever no canal para mais quizzes divertidos. 🎉

#quiz #quizinterativo #quizdopri #petdeluxo #pets #pet #dog #dogs #cachorro #cachorros",UCDfCE5cO96QgzvNViIkoPYw,2026-03-14T15:50:06Z,22,[],71908,1123,70,PT9M17S,hd,False,True,public,youtube,True,True,False,https://i.ytimg.com/vi/PP5X1dEvvxo/hqdefault.jpg,,pt-PT,2026-03-14T15:50:06Z,2026-03-14T15:50:00Z,2026-03-14T16:01:22Z,,0,,,"['https://en.wikipedia.org/wiki/Hobby', 'https://en.wikipedia.org/wiki/Lifestyle_(sociology)']",,0,0,0,
NUz0meYhA_0,"🐶✨ MONTE A VIDA DE LUXO DO SEU PET | Escolha Roupinhas, Casinha, Brinquedos | Globo Quiz","🐶✨ MONTE A VIDA DE LUXO DO SEU PET | Escolha Roupinhas, Casinha, Brinquedos

Prepare-se para criar a VIDA DE LUXO do seu pet dos sonhos! 🐶💎
Neste desafio super divertido, você vai escolher tudo: casinha, roupas, brinquedos, piscina e muito mais!

Mas atenção… só quem chegar até o final vai ver o resultado completo 😱🔥

👉 Comenta como ficou seu pet!
👉 Deixa o like se você ama cachorro!
👉 Se inscreve no canal pra mais desafios incríveis!
👉 E manda pra um amigo montar também!

🐾 Seu pet seria milionário ou simples? Descubra agora!

🌟 SEJA MEMBRO DO GLOBO QUIZ! 🌟
Quer fazer parte do grupo VIP do canal? 😍

Como MEMBRO, você ganha:
✅ Vídeos exclusivos só para membros
✅ Acesso antecipado aos vídeos (assista antes de todo mundo!)
✅ Prioridade em chats e comentários
✅ Selos de fidelidade ao lado do seu nome
✅ Figurinhas exclusivas para usar nos comentários

👉 Clique em “Seja Membro” e entre para a família mais divertida do YouTube 💙
Seu apoio ajuda o canal a crescer e trazer ainda mais quizzes incríveis!
https://www.youtube.com/channel/UCDRHZ-RN2d97SsDYYFJA_2Q/join
------------------------------------------------------------------------
🌍COMPARTILHE ESSE VÍDEO COM SEUS AMIGOS:
👉 https://youtu.be/NUz0meYhA_0

🌐ASSISTA TAMBÉM:

👉 https://youtu.be/mwKthqHDGx0?si=O9DCUvmpYPlEaucA

👉 https://youtu.be/pven31TG1jo?si=nwLOKQH0YN6GgcWt
------------------------------------------------------------------------
se você é curioso, adora desafios e curte passar tempo com quizzes, quebra-cabeças e muita diversão, então você está no lugar certo!

prepare-se para momentos hilariantes e épicos no globo quiz! 🎉 o canal perfeito para quiz, jogos interativos e desafios que vão animar suas tardes com amigos e família! 🌟 aqui, você vai se divertir com perguntas curiosas, aprender fatos incríveis e testar seus conhecimentos com competições saudáveis. 🧠💥

inscreva-se agora para não perder nenhum vídeo, e junte-se à nossa comunidade para garantir risadas, momentos memoráveis e aventuras incríveis! 💬✨
------------------------------------------------------------------------

#globoquiz #desafiosdivertidos #quiz #jogosinterativos #passatempo #desafioscomamigos #diversão #família #desafiosquiz #monteavidadeluxodoseupet #pets #montesuavida",UCDRHZ-RN2d97SsDYYFJA_2Q,2026-03-23T21:00:25Z,24,"['quiz', 'globo quiz', 'monte a vida de luxo do seu pet', 'monte a vida do seu pet', 'monte seu pet', 'pet', 'cachorro', 'monte a vida do seu cachorro', 'quiz cachorro', 'quiz cachorros de raca', 'monte seu pet de luxo', 'monte a vida do seu cao', 'monte a vida do seu gato', 'monte a vida do seu cachorrinho', 'montea vida do seu gato', 'quiz monte o seu', 'vida de luxo', 'quiz de luxo', 'quiz de monte', 'monte o seu', 'quiz monte', 'monte o seu prato', 'globoquiz', 'escolha', 'escolhas', 'jogo das escolhas', 'jogo de escolhas']",56012,948,5,PT7M59S,hd,False,False,public,youtube,True,True,False,https://i.ytimg.com/vi/NUz0meYhA_0/hqdefault.jpg,pt-BR,pt-BR,,,,,0,,2026-03-22T00:00:00Z,"['https://en.wikipedia.org/wiki/Hobby', 'https://en.wikipedia.org/wiki/Lifestyle_(sociology)', 'https://en.wikipedia.org/wiki/Pet']",,0,0,0,
vYJYeZ8wguE,"🐶💎 MONTE A VIDA DE LUXO DO SEU PET | Escolha Roupinhas, Casinha, Coleira | Marte Quiz","🐶💎 MONTE A VIDA DE LUXO DO SEU PET | Escolha Roupinhas, Casinha, Coleira

Você consegue montar a vida de luxo perfeita para o seu pet? 🐶💎
Escolha entre várias opções incríveis e descubra como seria o seu pet dos sonhos!

🐾 Tem casinha chique, roupas estilosas, brinquedos incríveis e MUITO mais!

💬 Comenta aqui: seu pet ficou rico ou simples?
👍 Curte o vídeo se você ama pets!
🔔 Se inscreve pra não perder os próximos desafios!

🔥 DESAFIO: chega até o final sem pular!

🛸🌟 Prepare-se para uma aventura espacial incrível! 🌟🛸
------------------------------------------------------------------------
🌍COMPARTILHE ESSE VÍDEO COM SEUS AMIGOS:
👉https://youtu.be/vYJYeZ8wguE

🌐ASSISTA TAMBÉM:

👉https://youtu.be/ZQB7Y3d3Vsc?si=i50kmaXx11r4V07T

👉https://youtu.be/_31Xrs1MGFM?si=kHNYs887RjmJ9hGz
------------------------------------------------------------------------
Se você é um explorador curioso e adora quizzes, desafios e muita diversão, este é o seu destino!

Junte-se à nossa frota e prepare-se para uma explosão de diversão intergaláctica! 🎉✨ No MARTE QUIZ, você vai enfrentar desafios emocionantes e fazer parte de uma comunidade de aventureiros que amam um bom quiz! 🛸💫 Inscreva-se agora para não perder nenhuma missão e embarque em aventuras espaciais incríveis com nossos quizzes e jogos! 🌌🎮
#monteavidadeluxodoseupet #pets #montesuavida #martequiz",UCQbpbLqTcPqi-JvRsDyzaWA,2026-03-25T22:46:23Z,24,"['quiz', 'marte quiz', 'globo quiz', 'monte a vida de luxo do seu pet', 'monte a vida do seu pet', 'monte seu pet', 'pet', 'cachorro', 'monte a vida do seu cachorro', 'quiz cachorro', 'quiz cachorros de raca', 'monte seu pet de luxo', 'monte a vida do seu cao', 'monte a vida do seu gato', 'monte a vida do seu cachorrinho', 'montea vida do seu gato', 'vida de luxo', 'quiz de luxo', 'quiz de monte', 'monte o seu', 'quiz monte', 'monte o seu prato', 'globoquiz', 'escolha', 'escolhas', 'jogo das escolhas', 'jogo de escolhas']",65199,0,27,PT9M7S,hd,False,True,public,youtube,True,True,False,https://i.ytimg.com/vi/vYJYeZ8wguE/hqdefault.jpg,pt-BR,pt-BR,,,,,0,,2026-03-24T00:00:00Z,"['https://en.wikipedia.org/wiki/Lifestyle_(sociology)', 'https://en.wikipedia.org/wiki/Pet']",,0,0,0,
APJYDUXM4ik,BANDANA PET LUXO: Aprenda a fazer o modelo Cozinheiro com Gola e Botões,"Nesta aula, vou te ensinar o passo a passo completo de como confeccionar uma bandana de cozinheiro para pet, um modelo de luxo com gola intertelada, acabamento em vivo e botões forrados. Essa peça é um charme e faz o maior sucesso no mercado de moda pet!

Você vai aprender técnicas importantes de costura, como:

Como fazer e aplicar o vivo (cordão) com tecido tricoline;

Como estruturar a gola com entretela para ficar em pé;

Dicas para um pesponto fininho e acabamento perfeito;

Fechamento prático com velcro e detalhes de botões de enfeite.

Ideal para quem trabalha com costura criativa ou quer deixar seu pet ainda mais lindo. Não esqueça de conferir a lista de materiais que aparece no vídeo!

👉 CURSO ONLINE: Quer se aprofundar? Conheça nosso Curso Online de Costura e Modelagem Sob Medida com moldes exclusivos da plataforma: [LINK DO SEU CURSO AQUI]

📌 Próxima Aula: Não perca o vídeo da touquinha combinando que aparece no final deste vídeo!

Gostou da aula?
✅ Se inscreva no canal
✅ Ative o sininho
✅ Deixe seu comentário e compartilhe com uma amiga costureira!

#costuracriativa #artesanatoemtecido #modapet #roupasfemininas #roupasinfantis #costurapassoapasso #costurainiciantes #rendaextracomcostura",UCkeCD8hBjax1-2ui9QfLvJQ,2026-03-04T20:55:10Z,27,"['bandana pet', 'costura criativa', 'moda pet', 'como fazer bandana de cozinheiro', 'bandana para cachorro', 'bandana com gola', 'passo a passo costura pet', 'roupa para pet', 'artesanato pet', 'costura para iniciantes', 'bandana luxo pet', 'acessório pet', 'curso de costura pet', 'molde de bandana', 'como colocar vivo na costura', 'bandana de chef para cachorro']",141,22,7,PT10M35S,hd,False,True,public,youtube,True,True,False,https://i.ytimg.com/vi/APJYDUXM4ik/hqdefault.jpg,pt-BR,pt-BR,,,,,0,,,"['https://en.wikipedia.org/wiki/Fashion', 'https://en.wikipedia.org/wiki/Hobby', 'https://en.wikipedia.org/wiki/Lifestyle_(sociology)']",,0,0,0,
BBJXnsPMlI4,"🐶✨MONTE A VIDA DE LUXO DO SEU PET - Escolha Cama, Roupinhas, Ração - #quiz","🐶✨MONTE A VIDA DE LUXO DO SEU PET - Escolha Cama, Roupinhas, Ração - #quiz",UC-4CgaxAPN63JSp4SSDyEjQ,2026-03-05T18:12:39Z,20,"['monte seu pet de luxo', 'monte seu pet', 'escolha seu pet', 'pet shop', 'monte sua penteadeira', 'monte sua necessaire', 'monte sua mochila', 'monte sua casa', 'monte sue bebe reborn', 'qual vc prefere', 'oq vc prefere', 'jogo das escolhas', 'monte sua sacola das cores', 'quiz', 'quizzes', 'liloca quiz']",120501,2423,27,PT8M29S,hd,False,True,public,youtube,True,True,False,https://i.ytimg.com/vi/BBJXnsPMlI4/hqdefault.jpg,pt-BR,pt-BR,,,,,0,,,"['https://en.wikipedia.org/wiki/Lifestyle_(sociology)', 'https://en.wikipedia.org/wiki/Pet']",,0,0,0,
h1rX5O2-cBw,Creative Grooming Before and After 🎨🐶 #dogshorts #doggroomer #petshorts #pets #art,,UCHVlENviUGDc7H_ThXYtPFA,2026-03-20T23:33:41Z,22,[],6644610,78469,1816,PT27S,hd,False,True,public,youtube,True,True,False,https://i.ytimg.com/vi/h1rX5O2-cBw/hqdefault.jpg,,en,,,,,0,,,"['https://en.wikipedia.org/wiki/Lifestyle_(sociology)', 'https://en.wikipedia.org/wiki/Pet']",,0,0,0,
22EjKEuizHw,The Farmers Dog vs The Pets Table (2026): Which Is Better?,"Claim 60% off The Farmer's Dog: https://geni.us/aCK0w
Claim 50% off The Pets Table: https://geni.us/pjLBc

If you’re trying to decide between The Farmer’s Dog and The Pets Table, this comparison breaks down everything you need to know before ordering.

I tested both fresh dog food brands to see how they compare in price, ingredients, portion sizes, and which one picky eaters actually prefer. Both companies deliver human-grade dog food straight to your door, but there are some big differences in cost and feeding options that surprised me.

In this video I cover:

• The Farmer’s Dog vs The Pets Table price comparison
• Daily cost and monthly cost for each brand
• Ingredients and recipe quality
• Portion sizes and customization
• Which food my picky Alaskan Klee Kai actually preferred
• Pros and cons of each dog food subscription

If you’re wondering whether The Farmer’s Dog or The Pets Table is worth it, this video will help you decide which one is the better option for your dog.

You can read the full written comparison here:
https://lifewithkleekai.com/the-pets-table-vs-the-farmers-dog/

*Some of our favorite things*

The dog food we use:

Best Air-Dried - Sundays For Dogs: https://geni.us/9LkA  (50% OFF)
Best Raw Food - We Feed Raw: https://geni.us/fqdZBMd (50% OFF)

Ultimate Buyer's Guides:

- Best Air-Dried Dog Food: Ultimate Buyer’s Guide For Picky Eaters: https://lifewithkleekai.com/best-air-dried-dog-food-our-ultimate-guide/

- Best Frozen Raw Dog Food: Ultimate Guide For Picky Eaters: https://lifewithkleekai.com/best-frozen-raw-dog-food-ultimate-guide/

- Best Fresh Dog Food For Sensitive Stomachs: Our Experience: https://lifewithkleekai.com/best-fresh-dog-food-for-sensitive-stomachs/

- Best Freeze-Dried Raw Dog Food: https://lifewithkleekai.com/best-freeze-dried-raw-dog-food-ultimate-guide/

- Best Dog Crate Comparison: https://lifewithkleekai.com/ultimate-dog-crate-comparison-guide/

- Ultimate Dog Grooming Tools: What We Use On Heavy Shedders: https://lifewithkleekai.com/ultimate-dog-grooming-tools/

- Ultimate Guide to the Best Smart & GPS Dog Collars: Fi, Tractive, SpotOn & more: https://lifewithkleekai.com/ultimate-guide-best-smart-gps-dog-collar/

The dog collars we use:

Fi Smart Collar - https://geni.us/EGMz1

Life With Klee Kai Amazon Storefront:

https://amzn.to/4owaPId

Products For Small Dogs:

Best For Collapsible Crate (premium): geni.us/81LT
Best For Collapsible Crate (budget): geni.us/quw4ByW
Best For Separation Anxiety: https://geni.us/u8mpRnB
Best Donut Dog Bed: https://geni.us/auUuv5
Best Sofa Dog Bed: https://geni.us/cAC377
Best Orthopaedic Bed: https://geni.us/OIWnB

Products Our Dogs Love:

Skye’s Sherpa Chair: https://geni.us/mSlle

Stuff We Went Viral For:

Cuddle Clones: https://geni.us/Xg5pUvZ
Dancing Cactus: https://geni.us/ZGVsKBw
Optical Illusion Mat: https://geni.us/67Ph0O
Dancing Cobra: https://geni.us/4mxx3nN
Dinosaur Lollipop: https://geni.us/oByiF

Follow our other business journey: https://daeawell.com/

Affiliate Disclaimer: We may make a small commission if you click any of the links in this description. Any revenue generated will help me dedicate more time to creating content like this for dog owners like me.",UCksm9zYFpIq0KZ40H2LHc1g,2026-03-07T22:30:06Z,15,"['alaskan klee kai', 'klee kai', 'mini husky', ""the farmer's dog"", 'the pets table', ""the farmer's dog review"", 'the pets table review', ""the farmer's dog pros and cons"", 'the pets table pros and cons', ""is the farmer's dog worth it"", 'is the pets table worth it', ""the farmer's dog vs the pets table"", ""the pets table vs the farmer's dog"", 'best dog food', 'best fresh dog food', 'best dog food delivery company', 'best dog food subscription company', 'best dog food for picky eaters', 'best dog food for fussy dogs']",648,24,8,PT5M28S,hd,False,True,public,youtube,True,True,False,https://i.ytimg.com/vi/22EjKEuizHw/hqdefault.jpg,,en,2026-03-07T22:30:06Z,2026-03-07T22:30:00Z,2026-03-07T22:37:34Z,,0,,,"['https://en.wikipedia.org/wiki/Lifestyle_(sociology)', 'https://en.wikipedia.org/wiki/Pet']",,0,0,0,
YlPBe84z8ds,Adopt Me April Fools Pets Update 2026!,"Adopt Me April Fools Pets Update 2026! adopt me april fools update in playadoptme with youtuber cookie cutter from adopt me. what is the april fools day pets in adopt me 2026 new update pet ideas and concepts, origial pet concept from- https://youtube.com/shorts/P-oJLeBh4z4?si=004y06c9uJ1f4XnQ whose tiktok user @flamerzan

Post- https://www.reddit.com/r/AdoptMeRBX/comments/1r5htze/april_fools_pet_suggestions/
Use the best adopt me value site: https://www.adoptfrom.me/
Join me in roblox! https://www.roblox.com/join/cookie
Get a tiger cookie avatar item here: https://www.roblox.com/catalog/16626766474/Tiger-Eating-Cookie-Head
Use star code ""CANDY"" when buying robux, premium or roblox gift cards
Merch shop: www.madebycookie.com
My Roblox Username: CookieCutter

More ways you can watch my content and see behind the scenes!
📷Instagram @Mattyajp
👻snapchat @mattyajp
🐦twitter @CookieCutterYT""
🎮join my discord - https://discord.gg/8FsTtdCxdn",UCCmU8bUAkCkLEmeTaicIpmw,2026-03-24T16:01:01Z,20,"['adopt me', 'adopt me pets', 'adopt me april fools', 'april fools adopt me', 'adopt me prank', 'adopt me april fools update', 'cookie cutter', 'cookie cutter adopt me', 'adopt me update', 'adopt me new pets', 'new adopt me pets', 'playadoptme', 'adopt me news']",71703,2020,308,PT11M2S,hd,False,True,public,youtube,True,True,False,https://i.ytimg.com/vi/YlPBe84z8ds/hqdefault.jpg,en-GB,en-GB,,,,,0,,,"['https://en.wikipedia.org/wiki/Role-playing_video_game', 'https://en.wikipedia.org/wiki/Video_game_culture']",,0,0,0,
6VvM5gdxeIQ,My Dog Got a Job at My Pet Boutique 🐶 | First Day at The Beast Boutique,"My dog got a job at my pet boutique… and immediately needed a nap.
 He got a job at MY pet boutique… and by the end of the day he was completely exhausted. 🐶

This was Mayhem’s first day at work at The Beast Boutique inside Painted Tree Boutiques in Sterling, Virginia. His main responsibilities included supervising the setup of our Lucky Dog Photo Chair for our St. Patrick’s Day event… and making sure everyone gets plenty of tail wags.

We’ll be doing Lucky Dog Pop-Up Portrait Prints starting at 11:30 AM at the shop. Bring your dog, your friends, or honestly any pet that fits in the chair… if it fits, we click! 📸🐾

📍 The Beast Boutique
Painted Tree Boutiques – Sterling, VA

🌐 https://TheBeastBoutique.com

Follow along for more shop adventures and future Lucky Dog Photo Chair guests.",UCLhvlb2jVuKoHceQa0lJfQQ,2026-03-11T03:19:32Z,22,"['beast boutique', 'cute dog video', 'dog first day at work', 'dog life', 'dog vlog', 'labrador retriever', 'painted tree sterling', 'pet boutique', 'shop dog', 'sterling va']",278,6,2,PT1M21S,hd,False,False,public,youtube,True,True,False,https://i.ytimg.com/vi/6VvM5gdxeIQ/hqdefault.jpg,,en,,,,,0,,,"['https://en.wikipedia.org/wiki/Lifestyle_(sociology)', 'https://en.wikipedia.org/wiki/Pet']",,0,0,0,
K8Kk7Lyl8uA,Lickity Strippity Roll Ups for Pets,"We’re a skincare & candle company first…
but we care about the whole family 🐾

These are our Lickity Strippity Roll-Ups —
pumpkin, applesauce, and bone broth for flavor + protein.

Simple. Effective. Cozy.
Even snack time.
#pets #pettreats #homeade #dogsoftiktok #boutique",UC-MtqCYIciNsQ5NQ4nzfTbQ,2026-03-31T12:18:00Z,22,"['Homemade', 'Pet treats', 'Boutique', 'Pets', 'Dogs', 'Treats']",647,4,2,PT19S,hd,False,False,public,youtube,True,True,False,https://i.ytimg.com/vi/K8Kk7Lyl8uA/hqdefault.jpg,en-US,en-US,,,,,0,,,"['https://en.wikipedia.org/wiki/Food', 'https://en.wikipedia.org/wiki/Lifestyle_(sociology)', 'https://en.wikipedia.org/wiki/Pet']",,0,0,0,
H8POLEAvzzg,#fish shop#seafood boutique#stylish#ytstudio#shortvideo#amazing#funny #comedy#viral#comedy#subscribe,,UCS8FGf2D0xg8feiS7y-ol3w,2026-03-13T13:42:11Z,22,[],622,13,3,PT20S,hd,False,False,public,youtube,True,True,False,https://i.ytimg.com/vi/H8POLEAvzzg/hqdefault.jpg,,en,,,,,0,,,"['https://en.wikipedia.org/wiki/Lifestyle_(sociology)', 'https://en.wikipedia.org/wiki/Pet']",,0,0,0,
69z2BZT7nP4,Grooms i have done in my Teddy bear Boutique! #dogs #grooming #oodles #doggrooming #dog #furbaby,,UCK-wS3adud0PIad2lgaQL9A,2026-03-10T07:58:05Z,22,[],1911,57,8,PT32S,hd,False,False,public,youtube,True,True,False,https://i.ytimg.com/vi/69z2BZT7nP4/hqdefault.jpg,,en,,,,,0,,,"['https://en.wikipedia.org/wiki/Lifestyle_(sociology)', 'https://en.wikipedia.org/wiki/Pet']",,0,0,0,
nv5uI7nLjb4,Boutique Jinbaiminoute's Chocolate Doughnuts: The Short-legged Brother's Sweet Surprise,"Description: Dive into the world of Jinbaiminoute's boutique doughnuts! Witness the magical transformation of the short-legged brother's secret recipe. Indulge in the rich, chocolatey goodness that'll leave you craving more! 🍩🍫 DoughnutLovers BakeryMagic ChocolateTreats",UCfpgSH5ubd9c3cDlgmcYLOA,2026-03-03T08:26:14Z,22,"['BakedGoodness', 'BoutiqueBakery', 'ChocolateDessert', 'DessertDelight', 'DoughnutMagic', 'FoodVlog', 'SnackTime', 'SweetTooth', 'TreatsForYou', 'YumYum']",1718,112,12,PT15S,hd,False,False,public,youtube,True,True,False,https://i.ytimg.com/vi/nv5uI7nLjb4/hqdefault.jpg,,en,,,,,0,,,"['https://en.wikipedia.org/wiki/Food', 'https://en.wikipedia.org/wiki/Lifestyle_(sociology)', 'https://en.wikipedia.org/wiki/Pet']",,0,0,0,
PFARIhZca-8,The Pets Table Review (2026): Is It Worth It? Honest Pros & Cons After Testing,"Claim 50% off The Pets Table: https://geni.us/pjLBc

Is The Pets Table actually worth it in 2026?

We tested The Pets Table with our two Alaskan Klee Kai, Copper and Skye, and in this review we break down:

• Real monthly pricing
• Cost per day
• Fresh vs air-dried plans
• Mixed and half-fresh options
• Recipe variety (beef, chicken, turkey, pork)
• Pros and cons
• Our honest Klee Kai verdict

For our two small dogs, The Pets Table Fresh cost $273.60 per month ($9.12 per day total). The Air-Dried plan came out to $193.20 per month.

We discuss whether the flexibility of four plan options makes it worth the price — and how it compares to other fresh dog food brands.

👇 Get up to 50% off The Pets Table here:
https://geni.us/lcILCnd

📖 Read the full written review with ingredient breakdown and comparisons:
https://lifewithkleekai.com/the-pets-table-pros-and-cons/

—

🐶 Dogs featured: Copper & Skye (Alaskan Klee Kai)
📊 Pricing based on our personalized quote and may vary depending on breed, weight, and calorie needs.

#ThePetsTable #DogFoodReview #FreshDogFood #SmallDogFood #AlaskanKleeKai

*Some of our favorite things*

The dog food we use:

Best Air-Dried - Sundays For Dogs: https://geni.us/9LkA  (50% OFF)
Best Raw Food - We Feed Raw: https://geni.us/fqdZBMd (50% OFF)

Ultimate Buyer's Guides:

- Best Air-Dried Dog Food: Ultimate Buyer’s Guide For Picky Eaters: https://lifewithkleekai.com/best-air-dried-dog-food-our-ultimate-guide/

- Best Frozen Raw Dog Food: Ultimate Guide For Picky Eaters: https://lifewithkleekai.com/best-frozen-raw-dog-food-ultimate-guide/

- Best Fresh Dog Food For Sensitive Stomachs: Our Experience: https://lifewithkleekai.com/best-fresh-dog-food-for-sensitive-stomachs/

- Best Freeze-Dried Raw Dog Food: https://lifewithkleekai.com/best-freeze-dried-raw-dog-food-ultimate-guide/

- Best Dog Crate Comparison: https://lifewithkleekai.com/ultimate-dog-crate-comparison-guide/

- Ultimate Dog Grooming Tools: What We Use On Heavy Shedders: https://lifewithkleekai.com/ultimate-dog-grooming-tools/

- Ultimate Guide to the Best Smart & GPS Dog Collars: Fi, Tractive, SpotOn & more: https://lifewithkleekai.com/ultimate-guide-best-smart-gps-dog-collar/

The dog collars we use:

Fi Smart Collar - https://geni.us/EGMz1

Life With Klee Kai Amazon Storefront:

https://amzn.to/4owaPId

Products For Small Dogs:

Best For Collapsible Crate (premium): geni.us/81LT
Best For Collapsible Crate (budget): geni.us/quw4ByW
Best For Separation Anxiety: https://geni.us/u8mpRnB
Best Donut Dog Bed: https://geni.us/auUuv5
Best Sofa Dog Bed: https://geni.us/cAC377
Best Orthopaedic Bed: https://geni.us/OIWnB

Products Our Dogs Love:

Skye’s Sherpa Chair: https://geni.us/mSlle

Stuff We Went Viral For:

Cuddle Clones: https://geni.us/Xg5pUvZ
Dancing Cactus: https://geni.us/ZGVsKBw
Optical Illusion Mat: https://geni.us/67Ph0O
Dancing Cobra: https://geni.us/4mxx3nN
Dinosaur Lollipop: https://geni.us/oByiF

Follow our other business journey: https://daeawell.com/

Affiliate Disclaimer: We may make a small commission if you click any of the links in this description. Any revenue generated will help me dedicate more time to creating content like this for dog owners like me.",UCksm9zYFpIq0KZ40H2LHc1g,2026-02-27T23:59:08Z,15,"['alaskan klee kai', 'klee kai', 'mini husky', 'the pets table', 'the pets table review', 'the pets table pros and cons', 'the pets table honest verdict', 'the pets table cost', 'is the pets table worth it', 'the pets table price', 'the pets table faq', 'best dog food', 'best fresh dog food', 'best dry dog food', 'best air dried dog food']",270,23,3,PT6M19S,hd,False,True,public,youtube,True,True,False,https://i.ytimg.com/vi/PFARIhZca-8/hqdefault.jpg,,en,2026-02-27T23:59:08Z,2026-02-27T23:58:44Z,2026-02-28T00:07:22Z,,0,,,"['https://en.wikipedia.org/wiki/Lifestyle_(sociology)', 'https://en.wikipedia.org/wiki/Pet']",,0,0,0,
zxb-B-Y4xtM,Quando você percebe que seu pet vive melhor que você 🤣🤣🤣🐾#yorkshire #pet #cachorro #memes #pets #dog,,UCh2RUFEH0Fkms3AWjoVnGqA,2026-02-15T18:22:47Z,22,[],1130,24,2,PT8S,hd,False,False,public,youtube,True,True,False,https://i.ytimg.com/vi/zxb-B-Y4xtM/hqdefault.jpg,,pt-PT,,,,,0,,,"['https://en.wikipedia.org/wiki/Lifestyle_(sociology)', 'https://en.wikipedia.org/wiki/Pet']",,0,0,0,
xagmggI1Tn8,world boutique #shorts #pets,,UCSmYjR_Vvk9hxmt1k_c5Oqg,2026-02-02T02:24:46Z,22,"['per', 'bought', 'hindi', 'song', 'movie', 'ai', 'video', 'short']",1488,0,1,PT14S,hd,False,False,public,youtube,True,True,False,https://i.ytimg.com/vi/xagmggI1Tn8/hqdefault.jpg,,en,,,,,0,,,"['https://en.wikipedia.org/wiki/Fashion', 'https://en.wikipedia.org/wiki/Lifestyle_(sociology)', 'https://en.wikipedia.org/wiki/Pet']",,0,0,0,
Dp6wp_03GUA,NEW WEEKLY BOUTIQUE ITEMS IN DRESS TO IMPRESS!! NEW CODES #dresstoimpress #dti #roblox,,UC-P99oUexYilHFnCZTnmgTg,2026-02-07T16:10:58Z,20,[],38937,557,32,PT12S,hd,False,True,public,youtube,True,True,False,https://i.ytimg.com/vi/Dp6wp_03GUA/hqdefault.jpg,,en,,,,,0,,,['https://en.wikipedia.org/wiki/Video_game_culture'],,0,0,0,
LyNZGSG4rT4,IS IT A OVERPAY FOR NEW FIRE PETS! 😭 LUNAR YEAR UPDATE 😍🔥 Adopt Me - Roblox,,UCpTRbodKq5Seub3P2j0itHg,2026-02-13T19:50:20Z,20,[],50798,910,87,PT14S,hd,False,True,public,youtube,True,True,False,https://i.ytimg.com/vi/LyNZGSG4rT4/hqdefault.jpg,en,en,,,,,0,,,['https://en.wikipedia.org/wiki/Video_game_culture'],,0,0,0,
uogCg_lhtvw,Proctor House Family Kids Take Over PetSmart (VLOG) EP.1,"Join this channel to get access to perks:
https://www.youtube.com/channel/UCqtMGX1eb10IF2YSRikg5Cg/join

HOME OF THE DESIGNER GORILLAS 
we now have a new number (623) 698 2961

Message me on Instagram or Facebook to reserve your next family member today 

Owned By Proctor House Rottweilers 
Like us on Facebook https://www.facebook.com/Proctor.House.Rottweilers
Follow us on Instagram https://www.instagram.com/proctorhouserottweilers

P.E.K. Luxury Dog Shampoo
https://tinyurl.com/ndnuvfpe

Flirt Pole 
https://tinyurl.com/3u69mepw

AltraPow Goat Feeder
https://tinyurl.com/4m5nypht

ceramic light link:
https://tinyurl.com/mtc262ds

music produced by https://jahworx.com

For Pet clothing https://kallieco.online
Use code:ProctorHouseRottweilers to save 15% OFF",UCqtMGX1eb10IF2YSRikg5Cg,2026-01-24T15:00:06Z,15,[],299,17,3,PT17M34S,hd,False,True,public,youtube,True,True,False,https://i.ytimg.com/vi/uogCg_lhtvw/hqdefault.jpg,,en,2026-01-24T15:00:06Z,2026-01-24T15:00:00Z,2026-01-24T15:19:39Z,,0,,,"['https://en.wikipedia.org/wiki/Lifestyle_(sociology)', 'https://en.wikipedia.org/wiki/Pet']",,0,0,0,
7rX2XV0Asvk,Quanto gastei e quanto gasta pra montar um petshop em 2026.,,UCTlVddSMf7OldGlANtT3Mhg,2026-01-29T23:00:18Z,22,[],695,51,15,PT17M17S,hd,False,True,public,youtube,True,True,False,https://i.ytimg.com/vi/7rX2XV0Asvk/hqdefault.jpg,pt-BR,pt-BR,,,,,0,,,"['https://en.wikipedia.org/wiki/Lifestyle_(sociology)', 'https://en.wikipedia.org/wiki/Pet']",,0,0,0,
VVHsNUTEXpc,#lps #littlestpetshop #lpstiktok #lpscollection #blindbox  #fyp #foryou #blindboxopening,Let’s figure out which code goes with which LPS Sweetheart pet! 💕 I’m so happy that I was able to get them all with no repeats! Hopefully this helps you guys too! * note this is from target on 1/29/2026 – codes have been known to change from store to store and from batch to batch.  #lps #littlestpetshop #lpstiktok #lpscollection #blindbox,UC02v1J6aluIO3el11Kz55cQ,2026-01-30T19:36:55Z,22,[],56813,5504,68,PT1M,hd,False,True,public,youtube,True,True,False,https://i.ytimg.com/vi/VVHsNUTEXpc/hqdefault.jpg,,en,,,,,0,,,"['https://en.wikipedia.org/wiki/Hobby', 'https://en.wikipedia.org/wiki/Lifestyle_(sociology)']",,0,0,0,
L6WxBzQVOZc,🐶 #petsempire #pets #petsrule #cutepet #fyp #viral #blowthisup,,UCabQZbHHRFLScNgIPa7QCRA,2026-01-26T02:24:07Z,22,[],1677,20,2,PT16S,hd,False,False,public,youtube,True,True,False,https://i.ytimg.com/vi/L6WxBzQVOZc/hqdefault.jpg,,en,,,,,0,,,"['https://en.wikipedia.org/wiki/Lifestyle_(sociology)', 'https://en.wikipedia.org/wiki/Pet']",,0,0,0,
2cqWLcXg8FM,2026 Pet room reset | Petswcourt,"This was filmed on the 3rd January so we are a little bit late but better late than never! Happy new year everyone! I hope you enjoyed 🤍

—————————

PR Email ↴
Petswcourt.etsy@gmail.com

My social media’s ❀
Tiktok & Instagram 
- @petswcourt 

Etsy Shop 
Petswcourt.etsy.com

Thankyou so much for watching! 
Please like and subscribe for more 🐰",UCRNoGr2ZGJ8sUUj3lr5UCOA,2026-01-09T16:00:06Z,22,[],819,42,6,PT6M26S,hd,False,False,public,youtube,True,True,False,https://i.ytimg.com/vi/2cqWLcXg8FM/hqdefault.jpg,en,en,2026-01-09T16:00:06Z,2026-01-09T16:00:00Z,2026-01-09T16:08:31Z,,0,,,"['https://en.wikipedia.org/wiki/Hobby', 'https://en.wikipedia.org/wiki/Lifestyle_(sociology)', 'https://en.wikipedia.org/wiki/Pet']",,0,0,0,
PT1IX7FvYf4,Small dog boutique,"TGIF, tiny loves! 💖🐶
Friday calls for Valentine’s Day style from head to paw ✨
Our Grrruci small dog sweater (XS–XL) keeps your pup cozy & chic, paired perfectly with the checkered luxury dog carrier and finished with a Pawda dog hair bow 🎀

Because every little love deserves big designer energy 💎
Perfect for cuddles, coffee runs, and heart-stealing moments 💕

🛍 Shop the Valentine’s Day collection at TinyPawsFashion.com

#TinyPawsFashion #TGIFPups #ValentinesDayDogs #LuxuryDogFashion
#DesignerDogStyle #SmallDogStyle #DogSweaterWeather #DogCarrierStyle
#PuppyLove #PetBoutique #DogMomLife #ChicagoDogStyle 🐾💖",UC36mNFIUGAFJhKND1mzsHiA,2026-01-23T15:57:34Z,22,"['Dog boutique', 'Chicago', 'Illinois', 'Puppy clothes', 'Pet store', 'Designer dog fashion']",2211,55,4,PT12S,hd,False,False,public,youtube,True,True,False,https://i.ytimg.com/vi/PT1IX7FvYf4/hqdefault.jpg,,en,,,,,0,,,"['https://en.wikipedia.org/wiki/Fashion', 'https://en.wikipedia.org/wiki/Lifestyle_(sociology)', 'https://en.wikipedia.org/wiki/Pet']",,0,0,0,
WdYWDgI-JI0,1 new 1 weeks codes in Collect All Pets #roblox #collectallpets #cap,"1 new 1 weeks codes in Collect All Pets #roblox #collectallpets #cap 

Hello everyone! In this `roblox` video, we're sharing some exciting news about new in-game codes. This video demonstrates a new `redeem code` system for players. You'll discover how to get a two-time metallic bonus for two hours with the code ""Ripley"", inspired by `rhea ripley` from `wwe`. This is a `trend` you won't want to miss!

Wiki Page: https://vipertoffi.wixsite.com/vipers-gaming-wiki
Stream Portal: https://www.roblox.com/games/11516933268/1-Gamer-Dad-Viper-Toffi-Stream-Portal
YouTube: https://youtube.com/@viper_toffi
Roblox Group: https://www.roblox.com/groups/13830331/1-Gamer-Dads-Studio#!/about
Discord: https://discord.gg/SXp64XFwDD
Shop: https://streamlabs.com/1gamerdad-viper_toffi/merch
Merch: https://streamlabs.com/1gamerdad-viper_toffi
Twitter: https://twitter.com/Viper_Toffi

#Roblox #PetSimulator99 #PS99 #PetSim99 #Petsimulator99Roblox #CollectAllPets #PetSimulatorX #CAP #PetSimX #PetSimulatorXRoblox #PetCollectorGame #CollectAllPets #PSX  #collectablepet #Roblox
Hello everyone! In this `roblox` video, we're sharing some exciting news about new in-game codes. This video demonstrates a new `redeem code` system for players. You'll discover how to get a two-time metallic bonus for two hours with the code ""Ripley"", inspired by `rhea ripley` from `wwe`. This is a `trend` you won't want to miss!",UCmLMCblAhPV3Pfiqq1_mQAQ,2026-01-14T15:54:47Z,20,"['viper_toffi', '#1 gamer dad', 'partner', 'roblox', 'cap code', 'collect all pets code', 'collect all pets codes', 'roblox collect all pets codes', 'collect all pets codes roblox', 'collect all pets', 'collect all pets roblox codes', 'codes collect all pets', 'code collect all pets', 'collect all pets update codes', 'roblox collect all pets code', 'roblox codes', 'collect all pets script', 'roblox collect all pets', 'collect all pets roblox', 'collect all pets!', 'codes for collect all pets']",19269,91,18,PT6S,hd,False,True,public,youtube,True,True,False,https://i.ytimg.com/vi/WdYWDgI-JI0/hqdefault.jpg,en,en,,,,,0,,,"['https://en.wikipedia.org/wiki/Role-playing_video_game', 'https://en.wikipedia.org/wiki/Video_game_culture']",,0,0,0,
